{
  "metrics": {
    "h1n1_vaccine": 0.8721904704159187,
    "mean_auc": 0.8690733638535983,
    "seasonal_vaccine": 0.8659562572912779
  },
  "weights": [
    0.3885570715220429,
    0.6114429284779572
  ]
}