{
  "h1n1_vaccine": 0.8336624400138218,
  "mean_auc": 0.8436441900520424,
  "seasonal_vaccine": 0.853625940090263
}