iter	Logloss
0	0.6540776702
1	0.6193734646
2	0.5887052013
3	0.5622565121
4	0.5408641425
5	0.5192006697
6	0.5003669342
7	0.4846725143
8	0.4708500667
9	0.4597472633
10	0.4496530651
11	0.4394029608
12	0.4310990888
13	0.4236601429
14	0.4172116098
15	0.4111983174
