{
  "best_metrics": {
    "h1n1_vaccine": 0.8691765751859697,
    "mean_auc": 0.8668353811115684,
    "seasonal_vaccine": 0.8644941870371672
  },
  "best_params": {
    "bagging_fraction": 0.6431565707973218,
    "bagging_freq": 7,
    "feature_fraction": 0.610167650697638,
    "lambda_l1": 0.8957635956735194,
    "lambda_l2": 0.47537022318211175,
    "learning_rate": 0.017682382012301955,
    "max_depth": 9,
    "min_data_in_leaf": 109,
    "n_estimators": 1170,
    "n_jobs": 4,
    "num_leaves": 94,
    "objective": "binary"
  }
}